-0,49999872;183;10;;30,71854079;;
-0,07641582;89;7,0003;;101,0004;;2128
-0,14111292;50;7,9993;;;;
0,43066296;778;8,0028;;;;
0,49975458;197;7,0001;;;;
-0,49999872;453;6,9998;;;;
0,11401338;198;6,9986;;;;
-0,49999872;255;7,0009;;;;
0,49975458;0;8,001;;;;
-0,49999872;255;8,0011;;;;
0,49975458;0;8,0004;;;;
-0,49999872;255;7,0002;;;;
0,49975458;0;7,0016;;;;
-0,49999872;255;8,0013;;;;
0,49975458;0;10,0011;;;;
0,13232388;255;5,9984;;;;
0,49975458;323;6,9999;;;;
-0,49999872;579;5,9998;;;;
-0,30566328;323;7,0003;;;;
-0,30566328;323;6,0008;;;;
0,49975458;167;6,0009;;;;
-0,21386664;422;7,0006;;;;
0,49975458;313;6,0006;;;;
-0,49999872;568;7,0004;;;;
0,49975458;313;6,9999;;;;
-0,49999872;568;7,9998;;;;
0,44872932;313;9,0015;;;;
0,11645478;542;10,9991;;;;
0,415038;602;6,9966;;;;
-0,40820208;12;5,9984;;;;
-0,49999872;603;6,9994;;;;
-0,01562496;347;8,0008;;;;
0,49975458;339;7,9989;;;;
0,49975458;594;7,0006;;;;
-0,49999872;50;7,001;;;;
0,49975458;595;7,9999;;;;
-0,49999872;50;8,0023;;;;
0,49975458;595;7,004;;;;
-0,49999872;50;10,0014;;;;
0,49975458;595;8,0025;;;;
-0,49999872;50;6,9993;;;;
0,49975458;595;7,9994;;;;
-0,49999872;50;7,0006;;;;
0,49975458;594;7,0003;;;;
0,40478412;49;7,9995;;;;
0,49975458;257;8,0003;;;;
0,21191352;513;6,9997;;;;
-0,44775276;621;7,0002;;;;
0,49975458;393;7,9992;;;;
0,0622557;648;8,9962;;;;
0,49975458;680;8,9996;;;;
-0,49999872;135;6,9993;;;;
0,49975458;680;8,9998;;;;
-0,49999872;135;9,0014;;;;
0,18286086;680;7,9994;;;;
0,49975458;773;7,9994;;;;
0,22387638;229;8,0007;;;;
0,0158691;343;7,9993;;;;
-0,49999872;352;7,9993;;;;
-0,49999872;96;7,9993;;;;
0,49975458;640;8,0001;;;;
0,18261672;95;7,0031;;;;
0,49975458;189;7,0014;;;;
-0,49999872;445;7,9985;;;;
0,49975458;190;6,9976;;;;
-0,49999872;445;7,0005;;;;
0,49975458;190;7,0008;;;;
-0,49999872;445;8,0006;;;;
0,49975458;189;7,0006;;;;
-0,49999872;444;7,0004;;;;
0,28173756;189;7,9998;;;;
-0,49999872;333;7,9991;;;;
0,49975458;78;6,9991;;;;
0,47680542;333;7,9979;;;;
0,04907214;577;6,9976;;;;
0,49975458;602;11,001;;;;
0,49975458;602;7,9979;;;;
-0,49999872;58;9,0005;;;;
0,49975458;603;7,9993;;;;
-0,49999872;58;8,6364;;;;
0,49975458;602;9,0007;;;;
-0,49999872;57;9,0002;;;;
0,14355432;602;9,6624;;;;
-0,30566328;675;9,0009;;;;
0,13134732;519;9,0002;;;;
0,13134732;519;7,0003;;;;
0,49975458;586;7,0004;;;;
-0,15966756;370;9,0031;;;;
-0,49999872;382;8,9994;;;;
0,49975458;126;7,9989;;;;
-0,49999872;381;6,9995;;;;
0,49975458;126;7,0003;;;;
-0,49999872;381;7,9997;;;;
0,49975458;126;8,0009;;;;
-0,49999872;381;7,9984;;;;
-0,0085449;126;8,9991;;;;
0,01513668;122;8,0004;;;;
0,49975458;129;7,9994;;;;
0,49975458;384;9;;;;
-0,49999872;640;8;;;;
-0,49999872;640;7,9993;;;;
0,49755732;385;9,0001;;;;
-0,49999872;639;9,0002;;;;
0,49975458;384;9,001;;;;
-0,31542888;639;8,0004;;;;
0,49975458;478;8,0007;;;;
-0,2697747;733;6,9998;;;;
-0,14916954;596;8,0002;;;;
-0,03930654;520;7,0008;;;;
0,09838842;500;8,9986;;;;
0,49975458;549;8,0001;;;;
0,49975458;5;7,9997;;;;
0,1440426;261;9,0014;;;;
-0,11889618;335;7,9994;;;;
-0,49999872;275;8,0002;;;;
0,49975458;19;8,9998;;;;
-0,38915916;274;8,0009;;;;
0,49975458;75;8,0002;;;;
-0,49999872;330;8,9994;;;;
0,49975458;75;7,9985;;;;
-0,49999872;330;8,9994;;;;
0,49975458;75;9,0026;;;;
-0,49999872;330;9,0005;;;;
0,49975458;75;9,0015;;;;
-0,49999872;330;8,999;;;;
-0,08837868;75;9,9995;;;;
-0,11987274;29;10,0006;;;;
0,36035064;768;10,999;;;;
0,49975458;152;9,0004;;;;
-0,49999872;408;10,0005;;;;
0,11865204;152;8,001;;;;
-0,49999872;212;9,0007;;;;
0,49975458;757;8,9992;;;;
-0,43066296;212;9,0015;;;;
0,49975458;793;7,9996;;;;
-0,01977534;248;9,0004;;;;
-0,26318292;238;8,7301;;;;
-0,08398416;104;8,9993;;;;
0,14379846;61;7,9994;;;;
0,49975458;133;7,9996;;;;
0,39770406;389;7,9969;;;;
-0,27856374;593;7,9988;;;;
0,11498994;451;9,0005;;;;
-0,49999872;509;7,9995;;;;
0,49975458;254;8,0002;;;;
-0,49999872;509;7,9999;;;;
0,49975458;254;10,0008;;;;
-0,49999872;509;7,9982;;;;
0,49975458;254;9,0003;;;;
-0,49999872;509;9,0011;;;;
0,49975458;254;9,0011;;;;
-0,24731382;509;9,0004;;;;
0,49975458;383;8,9997;;;;
-0,39575094;638;9,0026;;;;
-0,1538082;436;10,002;;;;
0,30053634;357;8,0019;;;;
0,03808584;510;7,9991;;;;
0,49975458;530;8,0008;;;;
0,49975458;530;8,0008;;;;
-0,49999872;786;9,0003;;;;
0,49975458;531;8,9988;;;;
-0,49999872;786;9;;;;
0,49975458;530;7,9987;;;;
-0,10961886;785;8,9998;;;;
0,4846179;730;8,9971;;;;
0,19384716;177;7,9961;;;;
0,19384716;177;8,9991;;;;
-0,49999872;277;9,0005;;;;
-0,17993118;22;8,9989;;;;
0,01293942;729;9,0011;;;;
0,49975458;735;9,0011;;;;
0,22143498;191;11;;;;
-0,49999872;304;8,992;;;;
0,26196222;49;9,9941;;;;
-0,49999872;183;10,9995;;;;
0,49975458;727;11,0132;;;;
-0,49999872;182;10;;;;
0,49975458;727;10,0005;;;;
-0,49999872;182;10,001;;;;
0,49975458;727;10,0012;;;;
-0,49999872;182;10,0012;;;;
0,49975458;727;9,0014;;;;
-0,04614246;182;7,9993;;;;
0,49975458;159;8,0002;;;;
-0,22802676;414;9,0005;;;;
-0,17748978;298;9,0081;;;;
0,49975458;208;8,9992;;;;
-0,49999872;463;10,0012;;;;
-0,49999872;463;8,9929;;;;
0,49975458;207;7,9984;;;;
-0,49999872;462;8,9985;;;;
0,49975458;207;9,999;;;;
-0,49999872;462;10,0016;;;;
0,49975458;207;9,9994;;;;
0,10546848;462;9,0006;;;;
0,30908124;516;10,0013;;;;
0,19116162;674;10,0017;;;;
-0,42748914;772;9,9995;;;;
-0,36059478;554;10,0019;;;;
0,21923772;370;10,6073;;;;
0,4455555;481;9,9981;;;;
0,49975458;709;10,7242;;;;
-0,49999872;165;11,0026;;;;
0,49975458;710;10,0017;;;;
-0,49999872;165;10,0014;;;;
0,49975458;710;9,0011;;;;
-0,49999872;165;11,0015;;;;
0,49975458;710;10,0006;;;;
-0,49999872;165;10,0004;;;;
0,49975458;710;10,0006;;;;
-0,49999872;165;9,0004;;;;
0,49975458;709;10,001;;;;
0,31054608;164;9,9984;;;;
0,49975458;323;11,0012;;;;
-0,04589832;579;8,9955;;;;
-0,28710864;557;9,0009;;;;
0,49975458;410;10,9991;;;;
-0,49999872;665;9,9994;;;;
0,49975458;410;10,0003;;;;
-0,49999872;665;10,0004;;;;
0,49975458;409;9,999;;;;
-0,49999872;664;10,9992;;;;
0,37890528;409;9,9986;;;;
0,34741122;602;10,9999;;;;
0,22729434;780;11,0012;;;;
0,22900332;97;11,9986;;;;
-0,45068244;214;10,0008;;;;
-0,4846179;784;11,0009;;;;
0,16674762;536;10,0013;;;;
0,3088371;620;10,0007;;;;
0,49975458;779;9,999;;;;
-0,49999872;234;10,0003;;;;
0,49975458;779;9,9999;;;;
-0,49999872;234;10,999;;;;
0,49975458;779;11;;;;
-0,49999872;234;9,9993;;;;
0,49975458;779;9,9988;;;;
-0,49999872;234;11,0002;;;;
0,49975458;779;11,999;;;;
-0,49999872;234;11,9967;;;;
0,49975458;779;11,0012;;;;
0,20361276;234;10,9992;;;;
0,49975458;338;10,9999;;;;
0,20971626;594;10,9991;;;;
-0,34570224;701;11,0011;;;;
0,49975458;525;10,9988;;;;
0,49975458;525;10,9984;;;;
-0,49999872;780;10,0007;;;;
0,49975458;525;10,9997;;;;
-0,49999872;780;10,9988;;;;
0,49975458;525;11,9984;;;;
-0,49999872;780;13,0004;;;;
0,22753848;525;11,9988;;;;
0,4626453;640;12,002;;;;
0,19482372;77;11,0038;;;;
0,06787092;177;11,0009;;;;
-0,49999872;212;10;;;;
0,49975458;757;11,0008;;;;
0,3332511;212;11,0008;;;;
0,22363224;382;11,9978;;;;
0,49975458;497;9,9998;;;;
-0,49999872;753;10,9996;;;;
0,49975458;498;10,998;;;;
-0,49999872;753;11,6122;;;;
0,49975458;497;12,0002;;;;
-0,49999872;752;10,9994;;;;
0,49975458;497;11,9998;;;;
-0,49999872;752;11,0002;;;;
0,49975458;497;11,0007;;;;
-0,49999872;752;11,0003;;;;
0,49975458;497;12,0001;;;;
0,29199144;752;11,001;;;;
0,49975458;102;10,9993;;;;
0,24243102;357;12,0018;;;;
-0,43603404;482;11,9995;;;;
-0,43603404;482;12,0006;;;;
0,49975458;259;12,9981;;;;
0,49975458;259;10,9989;;;;
-0,48046752;514;11,0003;;;;
0,49975458;269;11,9995;;;;
-0,49999872;524;11,9989;;;;
0,21508734;269;12,0002;;;;
0,24121032;378;11,9999;;;;
0,23608338;502;13,0018;;;;
0,09008766;622;11,0003;;;;
-0,36450102;669;11,9974;;;;
-0,30712812;483;11,9992;;;;
0,37402248;326;12,999;;;;
0,12402312;516;12,9995;;;;
0,49975458;580;12,0007;;;;
-0,49999872;36;12,001;;;;
0,49975458;580;11,9988;;;;
-0,49999872;35;12,9992;;;;
0,49975458;580;11,9987;;;;
-0,49999872;35;11,9989;;;;
0,49975458;580;13;;;;
-0,49999872;35;11,0002;;;;
0,49975458;580;13,0016;;;;
-0,49999872;35;13,0001;;;;
0,48119994;580;12,9999;;;;
0,47558472;25;42,9974;;;;
-0,46288944;495;13,0041;;;;
-0,49999872;513;13,9994;;;;
0,49975458;258;13,0002;;;;
-0,49999872;513;13,0005;;;;
0,1037595;258;13,0022;;;;
0,49975458;310;11,9999;;;;
0,26440362;566;13,9989;;;;
-0,00537108;702;12,0004;;;;
-0,49999872;700;12,0004;;;;
-0,49999872;444;11,9976;;;;
0,31445232;188;13,0001;;;;
0,17163042;348;13,0003;;;;
0,49975458;436;12,0012;;;;
-0,49999872;692;12,9995;;;;
0,49975458;436;13,0006;;;;
-0,49999872;691;12,5938;;;;
0,49975458;436;12,9987;;;;
-0,49999872;691;13,9989;;;;
0,49975458;436;14,1865;;;;
-0,49999872;691;14,0007;;;;
0,49975458;436;14,0012;;;;
-0,49999872;691;13,0037;;;;
0,49975458;436;13;;;;
0,33520422;691;12,0003;;;;
0,31909098;63;12,9996;;;;
0,1843257;226;12;;;;
-0,45483282;320;13,0006;;;;
0,49975458;88;16,001;;;;
-0,49999872;343;14,9995;;;;
0,44335824;88;12,9991;;;;
-0,49999872;314;13,9997;;;;
0,12915006;59;13,0003;;;;
0,40453998;124;13,0004;;;;
0,29028246;331;12,9968;;;;
0,11498994;480;14,0001;;;;
-0,49999872;539;14,0021;;;;
-0,09619116;284;11,9986;;;;
0,0695799;441;13,9999;;;;
0,49975458;477;12,9997;;;;
-0,49999872;733;15,0007;;;;
0,49975458;478;13,0018;;;;
-0,49999872;733;12,9991;;;;
0,49975458;478;12,9996;;;;
-0,49999872;733;13,0003;;;;
0,49975458;477;16;;;;
-0,49999872;732;12,999;;;;
0,49975458;477;14,0008;;;;
-0,23095644;732;14,0069;;;;
0,49975458;615;13,9997;;;;
0,17626908;212;14,0007;;;;
0,17626908;212;14,0002;;;;
0,2722161;303;15,0004;;;;
-0,49999872;442;14,9991;;;;
0,49975458;187;14,0003;;;;
-0,49999872;442;13,9989;;;;
0,49975458;187;14,9991;;;;
-0,3930654;442;13,9998;;;;
0,48119994;241;14,001;;;;
-0,49999872;487;14,0006;;;;
0,26660088;232;14;;;;
0,49975458;367;14,9994;;;;
0,14575158;731;14,0011;;;;
-0,49999872;6;14,0003;;;;
-0,04541004;551;14,9992;;;;
0,47534058;527;13,0006;;;;
0,08959938;770;14,0001;;;;
0,49975458;16;13,9996;;;;
-0,49999872;272;13,9995;;;;
0,49975458;16;14;;;;
-0,49999872;271;14,0002;;;;
0,49975458;16;14,0002;;;;
-0,49999872;271;14,5652;;;;
0,49975458;16;13,9998;;;;
-0,49999872;271;14,6099;;;;
0,49975458;16;15,0014;;;;
-0,49999872;271;15,9972;;;;
0,49975458;16;14;;;;
0,29028246;271;13,9984;;;;
0,49975458;420;13,9995;;;;
0,2307123;675;13,9995;;;;
-0,49999872;794;13,9998;;;;
-0,49999872;794;15,0004;;;;
0,49975458;538;13,9997;;;;
-0,49999872;793;15,002;;;;
0,49975458;538;14,0023;;;;
0,41650284;551;13,9985;;;;
-0,49999872;764;15,0023;;;;
0,18383742;508;15,9991;;;;
0,49975458;602;14,9984;;;;
0,16381794;58;15,9994;;;;
0,0573729;141;14,9998;;;;
-0,49999872;171;15,0002;;;;
-0,22265568;716;14,0001;;;;
0,49975458;602;13,9996;;;;
-0,0134277;57;13,999;;;;
0,49975458;51;14,9995;;;;
0,49975458;51;14,9969;;;;
-0,49999872;306;14,9998;;;;
0,49975458;50;15,0021;;;;
-0,49999872;305;15,9996;;;;
0,49975458;50;14,9998;;;;
-0,49999872;305;14,9994;;;;
0,44579964;50;14,0001;;;;
-0,49999872;278;14,9992;;;;
0,49975458;22;15,0011;;;;
0,4077138;277;15,0003;;;;
-0,01489254;486;16,0021;;;;
-0,49999872;708;18,0062;;;;
0,49975458;453;16,9998;;;;
0,49975458;453;15,9995;;;;
-0,49999872;708;17,0001;;;;
-0,49999872;708;15,9995;;;;
0,4199208;452;16,0007;;;;
-0,49999872;667;14,9997;;;;
0,1379391;411;15,0009;;;;
0,49975458;481;17;;;;
0,1904292;737;16,0011;;;;
-0,06933576;35;17,001;;;;
-0,49999872;544;17,0033;;;;
0,49975458;288;16,0001;;;;
0,09179664;543;14,9988;;;;
0,49975458;590;14,9995;;;;
0,49975458;591;14,9995;;;;
-0,49999872;46;15,9978;;;;
0,49975458;591;16,0017;;;;
-0,49999872;46;17,0052;;;;
0,49975458;590;16,0082;;;;
0,40600482;590;16,576;;;;
-0,49999872;797;17,0222;;;;
0,49975458;542;16,6223;;;;
0,35693268;797;17,9986;;;;
0,3149406;198;18,0066;;;;
-0,49999872;359;16,9986;;;;
-0,49999872;359;16,9997;;;;
0,49975458;104;18,0042;;;;
0,49975458;104;16,0002;;;;
-0,49999872;359;16,0004;;;;
0,33715734;104;16,9994;;;;
-0,49999872;276;15,9998;;;;
0,14013636;21;16,0004;;;;
0,14843712;347;16,9991;;;;
-0,04345692;423;17,0006;;;;
-0,40820208;402;17,9983;;;;
0,4870593;766;17,9987;;;;
0,21020454;214;17,9987;;;;
0,49975458;322;18,001;;;;
-0,49999872;578;17,0008;;;;
-0,49999872;578;16,9983;;;;
0,49975458;322;16,9983;;;;
-0,49999872;577;16,9997;;;;
0,49975458;322;16,9999;;;;
0,41821182;322;16,9995;;;;
-0,49999872;535;17,9995;;;;
0,49975458;280;19,0095;;;;
0,0305175;734;18,0009;;;;
0,47704956;750;17,0023;;;;
0,47704956;750;16,9994;;;;
-0,49999872;194;17,9979;;;;
-0,49999872;194;17,9983;;;;
0,49975458;739;16,9991;;;;
-0,49999872;194;18,0016;;;;
-0,49999872;172;18,9997;;;;
0,0964353;717;17,998;;;;
0,49951044;765;17,9995;;;;
0,2331537;343;18,0003;;;;
-0,43481334;463;19,9978;;;;
-0,40820208;241;17,9998;;;;
-0,0317382;287;18,9995;;;;
0,49975458;272;20;;;;
0,49975458;271;18,9999;;;;
-0,49999872;526;17,9999;;;;
0,49975458;271;18,9982;;;;
0,49975458;271;18,9995;;;;
-0,49999872;526;18,9991;;;;
0,44482308;271;18,9999;;;;
0,49975458;243;19,1212;;;;
0,45971562;498;18,0006;;;;
-0,14916954;733;18,1679;;;;
0,43432506;658;19,0008;;;;
-0,49999872;79;18,9995;;;;
0,49975458;624;18,9997;;;;
0,49975458;624;18,0009;;;;
-0,43676646;79;18,9977;;;;
0,48388548;656;17,9998;;;;
0,23510682;648;19,0001;;;;
0,49975458;767;19,9997;;;;
0,28051686;223;18,9992;;;;
-0,43652232;485;18,9991;;;;
-0,49999872;263;20,9939;;;;
-0,10058568;262;20,002;;;;
0,49975458;211;19,0021;;;;
0,49975458;211;18,9996;;;;
-0,49999872;466;19,9997;;;;
-0,49999872;466;21,0017;;;;
0,49975458;211;19,9997;;;;
-0,49999872;466;19,0014;;;;
-0,49999872;466;19,9989;;;;
0,49975458;211;18,9998;;;;
0,1293942;667;20,0002;;;;
0,1293942;667;18,9971;;;;
0,29638596;733;19;;;;
0,49975458;637;21,0012;;;;
-0,49999872;92;18,9997;;;;
-0,49999872;92;20,0001;;;;
0,49975458;637;20,0008;;;;
-0,49999872;92;19,0004;;;;
0,49975458;715;19,9993;;;;
0,27416922;171;20,9999;;;;
-0,42553602;341;19,9999;;;;
-0,4675281;124;20,0009;;;;
0,12231414;130;19,9999;;;;
0,49975458;192;20,0012;;;;
0,49975458;193;20,9898;;;;
-0,49999872;448;20,0002;;;;
0,49975458;193;19,9982;;;;
0,49975458;193;19,9997;;;;
-0,49999872;448;20,9991;;;;
-0,49999872;448;20,9988;;;;
0,49975458;193;20;;;;
0,36694242;448;21,5993;;;;
0,25805598;635;21,0007;;;;
-0,49999872;39;20,5964;;;;
0,49975458;584;21,999;;;;
0,49975458;584;20,999;;;;
-0,49999872;39;20,9994;;;;
-0,49999872;38;22,0007;;;;
0,49975458;622;20,9941;;;;
0,06274398;78;20,0013;;;;
-0,1635738;110;20,9996;;;;
-0,37792872;571;20,9992;;;;
0,24218688;378;21,0013;;;;
0,49975458;531;20,9999;;;;
0,49975458;531;22,0011;;;;
-0,49999872;786;21,9995;;;;
-0,49999872;786;20,9983;;;;
0,49975458;531;21,0008;;;;
0,49975458;531;20,9982;;;;
-0,49999872;786;33;;;;
0,37280178;786;20,0008;;;;
0,36401274;177;21,9998;;;;
-0,43237194;366;21,0002;;;;
0,49975458;145;21,0003;;;;
0,49975458;145;21,0009;;;;
-0,49999872;400;21;;;;
-0,49999872;400;20,9995;;;;
0,13623012;145;21,0005;;;;
0,11669892;337;22,9992;;;;
0,07226544;397;21,9992;;;;
-0,46826052;237;23,0013;;;;
0,49828974;112;22,9994;;;;
0,49975458;367;22;;;;
0,49975458;368;22,0005;;;;
-0,49999872;623;22,0002;;;;
-0,49999872;623;22,9673;;;;
-0,49999872;623;22,9998;;;;
0,49975458;368;22,0008;;;;
0,49975458;368;22,0015;;;;
0,49975458;368;22,9987;;;;
0,49975458;766;22,0002;;;;
-0,32128824;341;23,2981;;;;
0,49975458;177;22,0002;;;;
0,49975458;177;21,5822;;;;
-0,49999872;432;22,9988;;;;
-0,49999872;432;21,9996;;;;
0,31201092;317;23,0004;;;;
0,2392572;477;23,0018;;;;
-0,49999872;622;22,9981;;;;
0,19799754;213;21,9983;;;;
0,4187001;313;22,9996;;;;
-0,49999872;784;21,9994;;;;
0,49975458;529;23,0002;;;;
0,49975458;528;23;;;;
0,49975458;528;23,0012;;;;
-0,49999872;783;23,9997;;;;
-0,49999872;783;22,9978;;;;
0,49975458;528;22,9991;;;;
0,33959874;783;23,001;;;;
0,1257321;413;22,9988;;;;
0,49975458;314;27,0006;;;;
0,49975458;314;21,9993;;;;
0,49975458;314;24,0003;;;;
0,22607364;314;22,999;;;;
0,03222648;429;22,9976;;;;
0,07128888;567;24,0012;;;;
-0,44775276;403;23,0013;;;;
0,26538018;174;23,9971;;;;
0,49975458;497;24;;;;
0,49975458;498;23,0001;;;;
-0,49999872;753;24,001;;;;
-0,49999872;753;24,9988;;;;
-0,49999872;752;23,9993;;;;
0,49975458;497;24,0003;;;;
-0,49999872;752;21,9996;;;;
0,24755796;752;23,0015;;;;
0,49975458;79;24,0005;;;;
-0,42016494;286;24,0008;;;;
-0,49999872;308;25,5758;;;;
-0,49999872;308;23,9994;;;;
0,31909098;53;25,63;;;;
0,16381794;760;25,9968;;;;
0,19213818;114;22,9998;;;;
-0,35937408;256;23,9983;;;;
-0,49999872;73;22,9992;;;;
0,27490164;663;24,0004;;;;
-0,49999872;158;23,9986;;;;
0,49975458;702;24,0007;;;;
0,49975458;702;23,9991;;;;
0,49975458;702;22,9982;;;;
0,49975458;702;24,0001;;;;
0,49975458;702;23,9991;;;;
0,49975458;702;24,0005;;;;
0,49975458;335;23,9971;;;;
-0,34374912;591;24,9988;;;;
0,49975458;253;24,9999;;;;
0,49975458;366;25,0015;;;;
0,49975458;366;23,0004;;;;
-0,49999872;621;24,9998;;;;
0,21874944;561;25;;;;
0,1538082;767;23,9997;;;;
-0,48193236;618;24,9992;;;;
0,12719694;371;24,0003;;;;
0,49975458;582;23,9995;;;;
0,49975458;583;25;;;;
0,49975458;583;24,9999;;;;
-0,49999872;38;27,0013;;;;
-0,49999872;37;25,9947;;;;
0,49975458;582;26,9992;;;;
0,49975458;582;24,9996;;;;
0,49975458;181;24,9998;;;;
-0,26879814;182;23,9998;;;;
0,49975458;44;25,9998;;;;
0,49975458;44;24,0002;;;;
0,49975458;44;25,2963;;;;
0,24926694;44;24,999;;;;
-0,0781248;334;25,0001;;;;
0,05053698;295;24,9975;;;;
0,20068308;99;24,9992;;;;
0,26342706;321;24,9998;;;;
-0,49999872;712;25,9994;;;;
-0,49999872;711;25,9991;;;;
-0,49999872;711;25,0004;;;;
0,49975458;456;25,9993;;;;
-0,49999872;711;25,9998;;;;
-0,49999872;711;25,0012;;;;
0,26220636;711;25,9991;;;;
-0,3039543;301;25,9992;;;;
-0,38159082;146;27,0007;;;;
-0,49999872;206;25,9995;;;;
-0,49999872;206;24,9988;;;;
-0,49999872;206;24,9994;;;;
0,33300696;94;25,9999;;;;
0,1501461;264;26,0007;;;;
-0,22778262;84;26,0002;;;;
0,32153238;768;27;;;;
0,49975458;236;25,9981;;;;
0,49975458;237;25,0003;;;;
0,49975458;237;27,9995;;;;
0,49975458;237;25,9998;;;;
-0,49999872;492;25,9976;;;;
-0,49999872;492;25,9996;;;;
0,49975458;237;27,0016;;;;
0,0720213;663;26,9995;;;;
-0,305175;586;25,9965;;;;
-0,49999872;684;25,9994;;;;
-0,49999872;684;25,9997;;;;
-0,49999872;684;26,0014;;;;
0,38745018;492;26,6261;;;;
0,073242;37;26,7458;;;;
-0,37621974;620;26,9992;;;;
0,3124992;427;25,9984;;;;
0,49975458;657;25,9994;;;;
0,49975458;658;27,0003;;;;
0,49975458;658;26,0012;;;;
0,49975458;658;26,999;;;;
-0,49999872;113;27,0001;;;;
-0,49999872;113;27,0001;;;;
0,3369132;112;26,9986;;;;
-0,0634764;472;28,001;;;;
-0,45507696;440;27,0011;;;;
-0,49999872;445;26,9982;;;;
-0,49999872;445;26,9995;;;;
-0,49999872;431;27,9997;;;;
0,45995976;259;27,0008;;;;
0,00830076;583;27,0007;;;;
-0,23168886;332;26,9989;;;;
0,08837868;459;27,9983;;;;
-0,49999872;760;27,0022;;;;
-0,49999872;760;27,9979;;;;
-0,49999872;760;27,9997;;;;
0,49975458;505;27,0003;;;;
0,49975458;504;27,0004;;;;
-0,49999872;759;27,9999;;;;
0,42700086;759;27,9996;;;;
0,21411078;283;28,0004;;;;
0,49975458;138;27,9982;;;;
0,49975458;137;27,0005;;;;
0,476073;137;28,9991;;;;
0,26538018;125;27,0005;;;;
0,22167912;516;28,8646;;;;
-0,49999872;640;29,0026;;;;
0,49975458;226;28,6094;;;;
0,49975458;546;27,9993;;;;
0,49975458;547;27,9989;;;;
0,49975458;547;29,0002;;;;
-0,49999872;2;57,9994;;;;
-0,07592754;122;31,0004;;;;
-0,22314396;304;28,9994;;;;
0,32275308;190;28;;;;
0,2307123;100;29,0002;;;;
0,36694242;473;28,9997;;;;
-0,292968;624;29,9991;;;;
0,49975458;313;29,9999;;;;
0,49975458;557;29,9985;;;;
0,49975458;557;30,0002;;;;
0,49975458;557;29,0012;;;;
-0,49999872;12;28,9991;;;;
-0,49999872;12;34,0013;;;;
-0,49999872;710;28,9995;;;;
0,3259269;710;28,9993;;;;
0,34472568;787;29,0002;;;;
0,49975458;707;29,9993;;;;
-0,38110254;407;31,0095;;;;
-0,30786054;274;30,0007;;;;
0,49975458;181;29,9991;;;;
-0,05346666;567;28,9989;;;;
-0,49999872;409;30,1412;;;;
-0,19091748;408;28,588;;;;
-0,49999872;566;30,0013;;;;
-0,49999872;566;30,0014;;;;
0,49975458;311;30,0008;;;;
0,49975458;311;30,0007;;;;
-0,49999872;290;28,9998;;;;
0,40234272;108;28,9994;;;;
0,49975458;74;29,9999;;;;
0,49975458;74;31,0025;;;;
0,49975458;260;29,0001;;;;
-0,06494124;398;29,001;;;;
0,12499968;331;29,0002;;;;
0,49975458;650;29,9993;;;;
-0,13403286;245;30,0004;;;;
0,49975458;721;35,9991;;;;
-0,49999872;226;31,0005;;;;
0,49975458;771;30,0008;;;;
0,49975458;771;31,0002;;;;
-0,49267452;226;31,0017;;;;
-0,43603404;791;30,0007;;;;
0,49975458;520;30,998;;;;
0,49975458;520;30,0005;;;;
0,49975458;520;29,9988;;;;
0,49975458;520;30,0002;;;;
-0,23266542;753;31,0005;;;;
0,02539056;650;30,9973;;;;
-0,0634764;375;30,9997;;;;
-0,49999872;297;30,9996;;;;
-0,49999872;296;30,6844;;;;
-0,49999872;296;35,0002;;;;
0,49975458;41;30,569;;;;
-0,46484256;296;32,9998;;;;
0,0756834;313;31,9993;;;;
-0,13134732;362;32,0006;;;;
-0,49999872;477;29,9984;;;;
-0,49999872;477;31,0006;;;;
-0,31811442;477;29,9982;;;;
0,0170898;570;32,0003;;;;
-0,02221674;334;31,0004;;;;
0,49975458;556;31,0008;;;;
0,05151354;595;30,9992;;;;
0,49975458;365;31,0008;;;;
0,49975458;365;31,0001;;;;
-0,49999872;620;32,0006;;;;
-0,49999872;620;30,999;;;;
-0,30956952;620;31,9998;;;;
-0,03124992;504;31,9997;;;;
0,49975458;450;30,9977;;;;
0,17773392;449;31,0025;;;;
0,36328032;284;32,9987;;;;
-0,00683592;469;31,9992;;;;
-0,12915006;211;32,0003;;;;
0,49975458;123;31,0003;;;;
-0,49999872;633;32;;;;
-0,49999872;496;31,9993;;;;
0,49975458;241;32;;;;
-0,49999872;496;32,5573;;;;
-0,49999872;496;31,6139;;;;
-0,0207519;496;30,9996;;;;
-0,07519512;613;31,9982;;;;
-0,49999872;29;32,9995;;;;
-0,49999872;29;32,9997;;;;
-0,49999872;2;31,9989;;;;
0,34960848;697;32,9996;;;;
-0,49999872;95;31,9995;;;;
0,05590806;430;33,0005;;;;
0,49975458;714;32,9983;;;;
-0,49999872;169;31,9994;;;;
-0,49999872;169;32,999;;;;
0,49975458;714;32,9988;;;;
-0,49999872;169;33,999;;;;
0,30444258;169;35,0012;;;;
0,11767548;581;32,9975;;;;
-0,49999872;747;33,0012;;;;
-0,49999872;747;32,9994;;;;
-0,49999872;563;32,9986;;;;
0,26684502;539;35,0002;;;;
-0,49999872;741;32,998;;;;
0,1843257;439;32,0003;;;;
-0,49999872;790;32,9997;;;;
-0,49999872;790;31,9988;;;;
-0,49999872;789;32,9993;;;;
-0,49999872;789;34,9999;;;;
-0,49999872;789;33,6321;;;;
0,33520422;167;32,6392;;;;
-0,49999872;514;32,999;;;;
-0,49999872;514;32,9999;;;;
0,49975458;259;34,0049;;;;
0,13842738;258;33,999;;;;
0,14135706;584;33,9995;;;;
-0,49999872;444;34,0007;;;;
0,02978508;443;34,0002;;;;
0,49975458;459;33,9989;;;;
0,49975458;458;34,9995;;;;
-0,49999872;713;33,0004;;;;
0,49975458;458;33,9998;;;;
0,49975458;458;33,0012;;;;
0,18115188;110;33,0012;;;;
0,49975458;204;33,9987;;;;
-0,49999872;459;33,9989;;;;
-0,25292904;328;33,9999;;;;
0,49975458;225;34,0007;;;;
-0,18481398;5;35,0002;;;;
0,49975458;455;34,0007;;;;
-0,49999872;154;34,9981;;;;
-0,49999872;154;35,0029;;;;
-0,49999872;153;34,999;;;;
-0,49999872;153;33,9986;;;;
0,49975458;590;35,999;;;;
-0,49999872;275;35,6967;;;;
0,49975458;20;34,6097;;;;
0,49975458;20;34,9989;;;;
-0,12304656;86;33,9987;;;;
0,49975458;319;35,9999;;;;
-0,19189404;686;35,9991;;;;
-0,29467698;587;35,0005;;;;
-0,49999872;692;36,0004;;;;
-0,49999872;692;36,0019;;;;
-0,49999872;692;35,0012;;;;
0,01049802;437;36,9987;;;;
0,49975458;300;35,0003;;;;
0,48242064;300;34,9998;;;;
-0,0085449;546;35,0003;;;;
-0,15283164;797;36,0017;;;;
0,12475554;521;34,9988;;;;
0,49975458;40;35,9997;;;;
-0,49999872;234;36;;;;
-0,49999872;233;35,9995;;;;
0,49975458;778;36,9995;;;;
-0,49999872;233;36,9977;;;;
0,49975458;34;36,9999;;;;
-0,19140576;34;35,9984;;;;
0,49975458;696;36,2464;;;;
0,49975458;695;37,0005;;;;
0,16552692;150;36,9998;;;;
-0,49999872;552;35,9986;;;;
0,22656192;284;37,0001;;;;
-0,49999872;111;36,9985;;;;
-0,49999872;1;37,9995;;;;
0,49975458;546;36,9997;;;;
-0,49999872;1;36,0006;;;;
0,49975458;2;36,0013;;;;
-0,1196286;3;35,9993;;;;
-0,49999872;134;37,0001;;;;
-0,49999872;133;36,9996;;;;
0,49975458;678;37,0013;;;;
0,48071166;280;36,9994;;;;
-0,29443284;297;36,9997;;;;
0,49975458;335;39,0003;;;;
0,3076164;335;37,9991;;;;
-0,49999872;492;39,0002;;;;
0,49975458;237;37,0022;;;;
0,49975458;236;36,9975;;;;
-0,07348614;7;39,9989;;;;
0,49975458;635;38,0003;;;;
0,49975458;635;38,001;;;;
-0,49999872;90;37;;;;
0,11401338;47;40,6878;;;;
-0,44750862;228;38,6312;;;;
0,41210832;625;38,9993;;;;
0,37792872;37;39,0029;;;;
0,49975458;775;37,9995;;;;
-0,49999872;229;39,0016;;;;
0,49975458;774;38,0006;;;;
0,44213754;375;39,0011;;;;
-0,47802612;696;37,9982;;;;
0,49975458;452;36,998;;;;
0,49975458;452;39,0008;;;;
0,38232324;677;36,9992;;;;
-0,49999872;188;38,0015;;;;
0,49975458;477;38,0015;;;;
0,49975458;42;39,0028;;;;
-0,49999872;297;37,9984;;;;
-0,49999872;297;38,0014;;;;
0,49975458;785;38,9997;;;;
0,1611324;430;39,9982;;;;
0,49975458;464;40,0013;;;;
0,49975458;464;38,9997;;;;
-0,49999872;636;38,9993;;;;
0,33154212;796;39,0008;;;;
-0,49999872;199;41,6218;;;;
-0,00781248;743;40,6962;;;;
0,49975458;740;40,0016;;;;
-0,49999872;194;39,0018;;;;
0,44482308;739;39,0011;;;;
0,40966692;80;39,9983;;;;
0,49975458;192;40,0016;;;;
0,49975458;192;39,0006;;;;
-0,49999872;446;42,0012;;;;
0,05322252;120;40,0029;;;;
0,0537108;512;40,0003;;;;
0,49975458;128;38,9986;;;;
0,49975458;303;41,0008;;;;
-0,49999872;558;40,9962;;;;
0,49975458;303;39,9997;;;;
-0,49999872;423;42,0015;;;;
0,4052724;347;41,0004;;;;
0,49975458;315;39,9988;;;;
-0,31640544;570;41,001;;;;
0,1208493;462;40,0011;;;;
0,49975458;392;40,9993;;;;
-0,37133694;73;40,9987;;;;
-0,23828064;683;40,6372;;;;
-0,49999872;17;41,0215;;;;
0,49975458;561;40,9976;;;;
-0,49999872;16;41,0003;;;;
0,49975458;499;40,9965;;;;
-0,40136616;115;40,9997;;;;
0,49975458;710;42,0001;;;;
-0,47753784;165;40,999;;;;
-0,23754822;471;40,998;;;;
0,49975458;605;42,0015;;;;
-0,49999872;706;42;;;;
0,49975458;664;41,9976;;;;
-0,49999872;119;41,0007;;;;
0,49975458;664;41,0008;;;;
-0,49999872;721;42,9993;;;;
0,30200118;720;41,9996;;;;
-0,49999872;136;41,9998;;;;
0,49975458;681;43,0006;;;;
-0,16528278;21;43,0021;;;;
0,49975458;149;42,9995;;;;
-0,49999872;287;41,9991;;;;
0,49975458;176;41,0013;;;;
-0,49999872;431;41,0009;;;;
0,49975458;175;42,9987;;;;
-0,49999872;211;43,0012;;;;
0,38500878;202;41,9993;;;;
0,49975458;151;41,9987;;;;
-0,49999872;406;46,0165;;;;
-0,14672814;211;41,9979;;;;
0,4736316;404;42;;;;
-0,38915916;548;43,0008;;;;
0,49975458;491;44,001;;;;
-0,49999872;746;42,9963;;;;
0,49975458;491;41,9983;;;;
-0,49999872;509;42,9994;;;;
0,43066296;274;45,0011;;;;
-0,49999872;510;43,9985;;;;
0,49975458;254;44,0002;;;;
-0,03100578;363;42,9991;;;;
0,49975458;626;43,0018;;;;
-0,37670802;24;43,9987;;;;
0,49975458;793;42,9994;;;;
-0,49999872;248;42,5642;;;;
0,49975458;793;44,7492;;;;
-0,06811506;792;45,9965;;;;
0,49975458;473;43,999;;;;
-0,49999872;771;42,999;;;;
0,49975458;515;43,9997;;;;
-0,14575158;639;43,9988;;;;
0,13867152;127;43,9986;;;;
0,49975458;669;43,9979;;;;
-0,49999872;303;43,9999;;;;
0,49975458;48;46,0008;;;;
-0,49999872;303;44,0017;;;;
-0,49999872;74;44,0004;;;;
-0,49999872;56;43,9972;;;;
0,49975458;441;45,0009;;;;
-0,25927668;696;44,9994;;;;
0,09936498;603;43,9972;;;;
0,11865204;364;44,9978;;;;
0,49975458;145;44,9982;;;;
-0,49999872;526;45,9969;;;;
-0,49999872;526;45,0004;;;;
-0,49999872;526;45,7391;;;;
0,08007792;60;46,0009;;;;
-0,49999872;288;45,0001;;;;
0,49975458;33;45,0011;;;;
-0,0939939;187;45,0012;;;;
0,49975458;466;46,0011;;;;
-0,1293942;725;47,0004;;;;
0,49975458;797;43,9998;;;;
-0,49999872;252;45,0007;;;;
0,49975458;796;46;;;;
-0,49999872;43;44,0003;;;;
-0,49999872;274;46,0001;;;;
0,49975458;19;44,9984;;;;
0,06420882;274;46,0014;;;;
0,18041946;181;46;;;;
0,32739174;784;43,9923;;;;
-0,25561458;34;45,9998;;;;
0,49975458;704;47,0023;;;;
-0,49999872;159;45,001;;;;
0,23413026;703;44,6299;;;;
0,34594638;22;45,5738;;;;
-0,49999872;216;46,0004;;;;
0,49975458;241;44,998;;;;
-0,16455036;548;44,9988;;;;
0,49975458;2;44,9985;;;;
-0,49999872;128;46,0024;;;;
-0,49999872;308;44,9976;;;;
0,49975458;52;44,9981;;;;
0,49975458;52;43,9991;;;;
-0,49999872;182;46,0008;;;;
-0,46435428;317;44,9973;;;;
-0,46191288;335;44,9998;;;;
-0,0256347;216;43,9985;;;;
0,49975458;178;44,9998;;;;
-0,49999872;700;45,0017;;;;
-0,14257776;443;43,9995;;;;
0,49975458;371;44,0001;;;;
0,49975458;371;45,0023;;;;
-0,49999872;626;44,9981;;;;
0,49975458;268;43,668;;;;
0,49975458;467;44,5732;;;;
-0,49999872;722;45,0008;;;;
-0,34985262;622;43,9984;;;;
0,4821765;767;43,9988;;;;
-0,49999872;129;44,0013;;;;
0,49975458;23;44,0015;;;;
-0,49999872;278;45,9996;;;;
-0,49999872;278;42,9996;;;;
0,13623012;22;43,0002;;;;
0,42407118;195;42,9994;;;;
-0,49999872;412;43,9998;;;;
0,49975458;326;43,9988;;;;
-0,24487242;506;43,0008;;;;
0,49975458;757;43,9996;;;;
-0,49999872;84;42,9984;;;;
0,49975458;3;43,9998;;;;
-0,49999872;258;43,9997;;;;
-0,49999872;258;42,9999;;;;
0,14233362;3;42,9994;;;;
0,29833908;75;41,9988;;;;
-0,49999872;227;42,0003;;;;
0,49975458;49;42,999;;;;
-0,20312448;732;52,0314;;;;
0,0134277;228;44,0006;;;;
0,49975458;546;41,9989;;;;
-0,49999872;167;41,9985;;;;
-0,49999872;167;43,0015;;;;
0,49975458;712;43,0017;;;;
-0,49999872;742;40,9998;;;;
0,28002858;65;42,0004;;;;
0,49975458;209;40,9995;;;;
-0,37988184;464;43,0005;;;;
0,1489254;196;41,9959;;;;
0,14550744;527;41,9975;;;;
0,49975458;189;41,0014;;;;
0,49975458;360;43,0011;;;;
0,49975458;360;41,9997;;;;
-0,49999872;615;42,999;;;;
0,1684566;359;44,0013;;;;
0,33056556;445;43,0026;;;;
-0,49999872;306;43,0261;;;;
0,49975458;51;42,8834;;;;
-0,32031168;273;43,0009;;;;
0,43725474;464;42,9994;;;;
-0,49999872;672;42,9988;;;;
0,49975458;561;42,1101;;;;
0,49975458;561;40,999;;;;
-0,49999872;16;42,9982;;;;
0,41430558;561;42,9991;;;;
0,46118046;772;42,0064;;;;
-0,49999872;566;41,9977;;;;
0,49975458;311;40,0009;;;;
-0,402831;470;41,0026;;;;
0,45141486;559;41,0004;;;;
-0,49999872;706;41,001;;;;
0,49975458;638;42,0003;;;;
0,49975458;638;42,0001;;;;
-0,49999872;93;40,9996;;;;
0,49975458;637;40,9979;;;;
0,31445232;92;42,0017;;;;
-0,49999872;390;41,0023;;;;
0,49975458;135;42,0002;;;;
-0,42211806;251;40,1717;;;;
0,49975458;3;41,0002;;;;
-0,30200118;517;42,0015;;;;
0,04711902;362;41,9986;;;;
-0,49999872;642;40,9988;;;;
0,49975458;387;39,9993;;;;
-0,49999872;642;39,9992;;;;
0,49975458;386;40,983;;;;
0,49951044;636;40,9988;;;;
-0,49999872;91;40,0008;;;;
0,35375886;636;41,0004;;;;
-0,30981366;569;39,999;;;;
-0,03686514;781;42,0012;;;;
0,49975458;268;40,9983;;;;
0,49975458;560;41,0001;;;;
-0,49999872;16;39,9985;;;;
-0,49999872;16;42,0004;;;;
0,49975458;561;42,9997;;;;
0,33496008;15;40,9991;;;;
-0,49999872;485;40,0013;;;;
0,49975458;527;39,9991;;;;
-0,49999872;721;41,9989;;;;
0,26342706;12;40,7071;;;;
-0,35107332;623;41,0001;;;;
0,48803586;443;40,9989;;;;
-0,49999872;313;41,9997;;;;
0,49975458;57;40,0006;;;;
-0,49999872;312;39,9993;;;;
0,49975458;57;42,0001;;;;
0,15527304;733;40,002;;;;
0,49975458;569;40,9991;;;;
-0,49999872;212;39,9942;;;;
0,21020454;607;40,9998;;;;
0,12036102;263;39,9995;;;;
-0,48071166;74;40,9994;;;;
0,3381339;10;40,9997;;;;
0,49975458;183;39,9998;;;;
-0,49999872;438;39,9992;;;;
-0,49999872;438;42,0019;;;;
0,49975458;634;42,0013;;;;
0,49975458;9;40,0002;;;;
-0,49999872;264;39,0007;;;;
-0,49999872;261;40,001;;;;
0,26830986;336;41,6811;;;;
-0,32397378;478;39,6596;;;;
0,45825078;125;38,9994;;;;
0,49975458;360;38,9979;;;;
-0,49999872;615;40,0011;;;;
0,49975458;360;40,9992;;;;
0,49975458;360;38,9999;;;;
-0,00634764;226;39,0003;;;;
-0,49999872;357;38,9992;;;;
0,48925656;102;38,998;;;;
0,41821182;97;38,9991;;;;
0,01147458;579;40,0015;;;;
-0,39037986;384;39,9997;;;;
0,37402248;182;41,9985;;;;
0,30322188;374;39,9998;;;;
-0,49999872;528;40,0015;;;;
0,49975458;273;39,0011;;;;
-0,00292968;99;39,0007;;;;
-0,49999872;353;39,9988;;;;
-0,15063438;205;39,9993;;;;
0,14965782;129;38,9997;;;;
-0,20410104;205;39,0008;;;;
0,05297838;356;38,999;;;;
-0,21191352;170;40,008;;;;
0,49975458;288;39,58;;;;
0,3283683;309;38,0016;;;;
-0,49999872;476;38,0012;;;;
0,49975458;221;38,0003;;;;
0,49975458;221;39,9925;;;;
-0,49999872;591;38,999;;;;
0,2209467;157;39,0001;;;;
0,49975458;270;38,9992;;;;
0,49975458;269;38;;;;
0,49975458;558;39,9989;;;;
0,47949096;589;39,0005;;;;
0,49975458;285;37,9987;;;;
0,07495098;376;37,9984;;;;
-0,49999872;460;38,0021;;;;
0,49975458;204;39,9984;;;;
0,49975458;204;38,0019;;;;
-0,49999872;459;38,0002;;;;
-0,26074152;92;37,0012;;;;
-0,49999872;214;39,9994;;;;
0,49975458;759;36,9987;;;;
0,49975458;218;36,9995;;;;
-0,40112202;451;37,9999;;;;
0,49975458;415;37,6615;;;;
0,04321278;126;38,2524;;;;
0,49975458;750;38,9996;;;;
-0,49999872;204;36,9995;;;;
-0,49999872;204;36,9998;;;;
0,49975458;749;38,0009;;;;
-0,49999872;729;38,9988;;;;
0,4626453;458;39,0007;;;;
-0,49999872;694;38,0006;;;;
0,13647426;694;38,0008;;;;
-0,1843257;219;36,9997;;;;
0,13159146;172;37,9798;;;;
0,10815402;728;38;;;;
0,49975458;272;37,9993;;;;
0,49975458;447;38,0008;;;;
-0,49999872;702;38,0019;;;;
-0,49999872;702;38,0018;;;;
0,3186027;447;38,0005;;;;
0,27416922;545;38,9997;;;;
0,49975458;640;36,9996;;;;
0,49975458;640;39,0011;;;;
0,49975458;640;37,9989;;;;
-0,43676646;195;37,9998;;;;
0,18041946;347;38,0006;;;;
-0,49999872;439;37,5931;;;;
0,07788066;261;38,0007;;;;
0,49975458;302;39;;;;
0,49975458;302;35,9998;;;;
-0,49999872;557;36,0001;;;;
-0,49999872;557;36,0004;;;;
0,35449128;702;37,9999;;;;
-0,41796768;191;37,9984;;;;
-0,49999872;233;38,9999;;;;
0,49975458;778;36,9999;;;;
0,27368094;778;37,9997;;;;
-0,07910136;385;35,9984;;;;
0,15307578;633;38,9985;;;;
0,49975458;167;36,0004;;;;
-0,49999872;345;36,9986;;;;
-0,49999872;345;37;;;;
0,49975458;90;35,9983;;;;
0,0402831;345;37,0013;;;;
-0,30688398;621;36,998;;;;
0,49975458;375;36,9989;;;;
0,49975458;375;38,9993;;;;
-0,49999872;630;36,0004;;;;
0,49975458;682;36,999;;;;
-0,47094606;149;36,0011;;;;
0,49975458;661;35,629;;;;
-0,4370106;372;37,5113;;;;
0,49975458;699;35,9989;;;;
-0,49999872;154;37,0002;;;;
-0,49999872;154;36,9985;;;;
0,49975458;1;36;;;;
-0,49999872;256;38,0017;;;;
-0,1269528;566;36,9975;;;;
-0,49999872;756;35,999;;;;
0,49975458;501;35,9987;;;;
0,49975458;11;36,0002;;;;
-0,02246088;66;36,0018;;;;
0,49975458;331;35,0004;;;;
-0,14208948;598;37,0003;;;;
-0,17407182;525;36,0005;;;;
-0,49999872;691;35,9977;;;;
0,49975458;436;37,0009;;;;
0,49975458;436;34,9998;;;;
0,01757808;436;35,9996;;;;
0,49975458;189;35,0003;;;;
-0,4418934;700;35,998;;;;
0,49975458;474;37,0031;;;;
-0,43163952;62;36,9996;;;;
-0,38500878;787;36,0008;;;;
0,33007728;115;35,6005;;;;
-0,42065322;345;34,998;;;;
0,0781248;129;36,0013;;;;
-0,49999872;425;35,9959;;;;
0,49975458;170;35,0009;;;;
0,49975458;170;34,9998;;;;
0,49975458;170;35,0006;;;;
0,49975458;170;35,0017;;;;
0,26513604;74;37,0002;;;;
0,49975458;785;36,0013;;;;
-0,49999872;587;35,0009;;;;
-0,49999872;587;35,9997;;;;
0,34643466;621;35,999;;;;
-0,47460816;50;36,0017;;;;
0,47509644;273;35,0005;;;;
-0,49999872;771;34,9991;;;;
0,49975458;473;35,0026;;;;
-0,49999872;728;34,9999;;;;
0,49975458;473;35,0005;;;;
0,49975458;576;34,999;;;;
0,49975458;31;34,9996;;;;
0,39282126;125;34,9995;;;;
0,49975458;529;34,9986;;;;
-0,49999872;785;35,0008;;;;
-0,32617104;785;35,9992;;;;
-0,49999872;229;34,5407;;;;
0,23705994;726;35,0015;;;;
-0,03124992;558;35,0394;;;;
-0,49999872;516;101,0004;;;;
-0,49999872;564;50,0005;;;;
-0,4431141;256;35,9989;;;;
0,46826052;76;34,0006;;;;
-0,49999872;315;35,0013;;;;
-0,09619116;315;34,9994;;;;
-0,14135706;429;33,9995;;;;
0,22729434;330;35,0004;;;;
0,3149406;158;34,9981;;;;
-0,49999872;138;34,9992;;;;
-0,14062464;137;33,9988;;;;
-0,49999872;321;35;;;;
-0,49999872;321;34,9994;;;;
0,49975458;66;36,0013;;;;
0,26928642;65;34,0016;;;;
0,31909098;202;35,998;;;;
0,48876828;269;34,0004;;;;
0,02392572;519;33,9955;;;;
-0,44848518;787;33,999;;;;
-0,49999872;693;34,0005;;;;
0,15966756;781;32,6093;;;;
-0,49999872;119;34,6259;;;;
0,43920786;429;34,9987;;;;
0,49975458;678;35,9978;;;;
0,43359264;679;35,0003;;;;
-0,49999872;100;33,9996;;;;
-0,49999872;100;35,0007;;;;
0,49975458;645;33,9999;;;;
0,49975458;215;34,9998;;;;
0,49975458;431;34,9992;;;;
0,49975458;760;34,0013;;;;
-0,49999872;215;34,0013;;;;
0,05761704;215;33,9989;;;;
-0,49877802;442;33,9991;;;;
-0,2990715;187;33,9987;;;;
0,33837804;48;33,9908;;;;
-0,49999872;278;33,9999;;;;
-0,49999872;278;34,0013;;;;
0,49975458;23;34,0001;;;;
0,49975458;23;34,9999;;;;
0,49975458;199;33,9977;;;;
0,27538992;96;34,0011;;;;
0,49975458;369;34,0022;;;;
0,49975458;370;32,9985;;;;
-0,40576068;625;35,0001;;;;
-0,18896436;673;33,615;;;;
0,0354003;416;33,5566;;;;
0,49975458;501;33,0003;;;;
-0,14306604;213;33,9998;;;;
0,49975458;653;35,9998;;;;
0,49975458;658;33,998;;;;
-0,49999872;113;33,999;;;;
-0,49999872;113;33,9999;;;;
-0,49999872;112;33,9994;;;;
0,49975458;487;32,9999;;;;
-0,49999872;198;34,9973;;;;
-0,49999872;198;34,0001;;;;
0,49975458;742;34,0004;;;;
-0,11450166;197;33,9994;;;;
0,0451659;4;34,9983;;;;
0,18896436;282;34,0013;;;;
-0,39208884;557;33,9996;;;;
-0,06787092;408;33,9885;;;;
-0,49999872;629;33,9985;;;;
-0,49999872;629;33,9999;;;;
0,49975458;374;34,9998;;;;
0,49975458;373;34,001;;;;
0,38256738;628;33,9996;;;;
-0,38793846;188;34,0008;;;;
-0,09692358;35;34,0005;;;;
-0,43994028;241;34,0012;;;;
-0,49999872;272;33,5759;;;;
0,0109863;212;34,0001;;;;
0,11425752;375;33,9998;;;;
0,08935524;25;33,9986;;;;
0,49975458;322;34,9969;;;;
0,35131746;323;35,0001;;;;
-0,49999872;502;33,9987;;;;
-0,49999872;502;32,9997;;;;
0,49975458;247;34,9982;;;;
0,49975458;469;33,9987;;;;
0,0170898;357;36,0008;;;;
0,49975458;168;33,0007;;;;
0,49975458;168;34,0019;;;;
0,49975458;168;33,0002;;;;
0,49975458;191;33,0001;;;;
-0,34985262;377;34,9986;;;;
0,49975458;229;32,9996;;;;
-0,08764626;741;33,0004;;;;
-0,49999872;635;33,9999;;;;
0,49975458;448;33,0002;;;;
0,49975458;448;34,0002;;;;
-0,49999872;702;32,9971;;;;
-0,49999872;702;34,0011;;;;
-0,49999872;463;32,999;;;;
0,4064931;329;32,9999;;;;
0,49975458;312;32,9975;;;;
-0,49999872;567;33,9984;;;;
-0,33105384;567;33,6391;;;;
-0,48437376;556;33,7056;;;;
0,39086814;664;32,9993;;;;
-0,4174794;179;34,0004;;;;
0,49975458;510;35,003;;;;
-0,49999872;247;34,9977;;;;
0,49975458;792;33,9991;;;;
0,49975458;792;33,0011;;;;
0,49975458;791;33,0001;;;;
0,17773392;246;35,0006;;;;
0,23095644;572;34,0011;;;;
-0,44409066;3;32,9988;;;;
-0,49999872;32;34,0012;;;;
-0,49999872;31;32,9997;;;;
0,3723135;137;34,0005;;;;
-0,47753784;397;32,9996;;;;
0,49975458;60;33,0015;;;;
-0,09667944;572;33,9984;;;;
-0,49999872;642;32,9999;;;;
0,49975458;386;33,9994;;;;
0,49975458;386;34,9992;;;;
-0,49999872;641;33,0012;;;;
0,49975458;547;34,001;;;;
-0,15478476;547;33,0011;;;;
0,02343744;456;32,9983;;;;
0,49975458;468;34,7212;;;;
0,49975458;468;33,9997;;;;
-0,01318356;260;33,0063;;;;
-0,04931628;57;33,0008;;;;
0,49975458;103;35,0003;;;;
-0,2551263;643;34,0009;;;;
0,49975458;257;33,0011;;;;
0,49975458;276;32,9992;;;;
0,49975458;276;33,0022;;;;
0,49975458;276;35,0011;;;;
0,49975458;276;32,9983;;;;
-0,49999872;281;34,9998;;;;
-0,41406144;264;32,9993;;;;
-0,49999872;307;32,9999;;;;
0,0585936;307;33,0002;;;;
-0,27636648;593;32,9998;;;;
0,13378872;241;33,9985;;;;
0,2526849;565;33,0012;;;;
-0,49999872;762;33,0001;;;;
0,03613272;505;33,0002;;;;
-0,49999872;780;35,0001;;;;
-0,49999872;780;33,0013;;;;
0,49975458;524;33,9678;;;;
0,49975458;524;33;;;;
0,49975458;524;33,0003;;;;
0,49975458;155;33,0019;;;;
-0,4333485;479;31,9997;;;;
0,49975458;451;33,0074;;;;
0,49975458;451;32,645;;;;
0,40942278;450;32,0005;;;;
0,0354003;38;36,0023;;;;
-0,4223622;601;32,9978;;;;
0,48144408;406;35,0027;;;;
0,34887606;671;33,9978;;;;
0,49975458;594;33,0005;;;;
-0,49999872;48;31,9988;;;;
0,49975458;593;33,0019;;;;
0,49975458;593;33,0018;;;;
0,49975458;36;35,9983;;;;
0,4113759;715;32,9687;;;;
0,49975458;262;32,9986;;;;
-0,49999872;466;32,9986;;;;
-0,1159665;466;32,9998;;;;
-0,02905266;662;33,0007;;;;
0,00048828;414;31,9993;;;;
0,49975458;670;33,0014;;;;
-0,10424778;161;32,0013;;;;
-0,47265504;108;32,9988;;;;
-0,49999872;122;35,0017;;;;
0,49975458;666;32,9986;;;;
-0,49999872;121;33,9988;;;;
-0,49999872;121;32,9996;;;;
-0,4418934;583;33,0012;;;;
-0,49999872;20;33,5788;;;;
-0,49999872;20;33,9997;;;;
0,02734368;20;34,5985;;;;
-0,04296864;57;32,9982;;;;
0,20434518;704;33,9997;;;;
0,36694242;263;32,9989;;;;
-0,4125966;465;33,0011;;;;
-0,09838842;509;33,0096;;;;
0,49975458;460;32,9987;;;;
-0,49999872;715;33,0011;;;;
-0,49999872;714;32,9989;;;;
-0,49999872;714;32,9981;;;;
-0,49999872;660;33,9997;;;;
0,05712876;88;32,999;;;;
-0,49999872;370;34;;;;
0,17431596;370;31,9997;;;;
0,49975458;460;33,9993;;;;
0,25463802;460;34,9992;;;;
0,31640544;719;35,0024;;;;
-0,32763588;746;33,9997;;;;
0,22289982;660;32,9996;;;;
-0,49999872;230;32,0001;;;;
-0,49999872;230;32,9996;;;;
-0,49999872;230;33,9979;;;;
-0,49999872;230;32,0002;;;;
0,49975458;775;31,9993;;;;
0,49975458;297;32,9985;;;;
-0,07177716;497;33,5389;;;;
0,49975458;770;35,5426;;;;
0,49975458;771;31,9999;;;;
0,49975458;771;33,0002;;;;
0,22778262;418;33,0007;;;;
-0,19262646;298;32,9992;;;;
0,3845205;237;33,0003;;;;
-0,30566328;690;33,9993;;;;
-0,49999872;591;32,9994;;;;
-0,49999872;591;32,999;;;;
0,49975458;336;36,999;;;;
0,49975458;491;31,9992;;;;
0,49975458;747;32,0006;;;;
0,49975458;747;32,0105;;;;
-0,0512694;202;34,0134;;;;
-0,04418934;48;37,9999;;;;
0,49975458;118;32,0003;;;;
0,10327122;490;33;;;;
-0,49999872;433;32,9993;;;;
0,49975458;289;32,9981;;;;
0,49975458;289;32,0011;;;;
0,49975458;289;31,9996;;;;
0,49975458;289;32,9995;;;;
-0,49999872;450;33;;;;
0,31054608;450;33,6358;;;;
-0,49999872;653;33,6047;;;;
-0,49999872;653;44,9992;;;;
0,0769041;345;33,9993;;;;
0,49975458;318;34,0012;;;;
-0,49999872;26;34,0019;;;;
-0,49999872;26;31,9993;;;;
-0,49999872;26;32,0005;;;;
0,49975458;571;33,0007;;;;
0,49975458;571;34,0001;;;;
0,22412052;232;32,9988;;;;
0,49975458;234;32,9995;;;;
0,49975458;234;31,9997;;;;
0,49975458;234;32,0005;;;;
0,22973574;234;33;;;;
0,23779236;599;32,9993;;;;
-0,49999872;503;32,0016;;;;
0,49975458;285;33,0011;;;;
-0,49999872;797;33,0028;;;;
0,49975458;531;33;;;;
0,49975458;531;34,0025;;;;
0,49975458;531;32,9984;;;;
0,49975458;531;33,0006;;;;
0,49975458;62;33,0002;;;;
-0,24706968;199;32,6425;;;;
0,49975458;760;32,7613;;;;
0,49975458;760;33,0008;;;;
0,49975458;760;32,9993;;;;
0,12670866;417;33,0016;;;;
-0,1818843;264;33,0012;;;;
0,49975458;173;33,0005;;;;
0,07788066;463;35,0008;;;;
0,49975458;247;32,998;;;;
0,49975458;255;32,0002;;;;
0,49975458;255;31,9988;;;;
0,49975458;255;31,9999;;;;
0,49975458;339;34,0019;;;;
-0,1721187;339;32,9989;;;;
0,49975458;266;33;;;;
0,49975458;266;32,0002;;;;
0,49975458;266;32,0008;;;;
-0,00512694;661;32,9695;;;;
-0,06298812;466;33,0014;;;;
0,1232907;761;34,0015;;;;
-0,21166938;754;31,9972;;;;
-0,3161613;645;32,0001;;;;
-0,49999872;739;32,9988;;;;
0,49975458;484;31,9989;;;;
0,49975458;484;32,998;;;;
-0,49999872;739;31,9999;;;;
-0,49999872;510;32,9995;;;;
0,19457958;276;32,5818;;;;
-0,49999872;376;32,9989;;;;
-0,49999872;376;33,9997;;;;
-0,18139602;376;32,0009;;;;
0,20581002;143;32,0001;;;;
0,43188366;504;31,9999;;;;
-0,35253816;44;33,0003;;;;
0,49975458;409;33,0017;;;;
-0,49999872;19;33,9998;;;;
0,49975458;564;31,9994;;;;
0,49975458;564;32;;;;
0,49975458;564;32,0009;;;;
-0,49999872;776;32,9998;;;;
0,30004806;769;33,9995;;;;
0,44946174;150;32,9999;;;;
-0,49999872;380;31,9997;;;;
-0,13476528;380;33,0008;;;;
-0,49999872;567;33,0007;;;;
0,18701124;729;31,999;;;;
-0,49999872;98;33,0013;;;;
0,38842674;387;34,0001;;;;
0,49975458;698;32,9994;;;;
0,49975458;699;32,9983;;;;
0,49975458;699;32,9989;;;;
-0,49999872;154;32,9998;;;;
-0,49999872;153;32,9984;;;;
0,30541914;153;32,5899;;;;
-0,2917473;676;31,9998;;;;
-0,13110318;783;32,7642;;;;
-0,49999872;172;32,9983;;;;
0,28027272;716;33,9986;;;;
-0,25805598;315;32,9986;;;;
-0,49999872;210;33,9999;;;;
0,23242128;576;32,9988;;;;
0,49975458;694;33,9984;;;;
0,3832998;767;33,9997;;;;
-0,49999872;163;33,9986;;;;
-0,49999872;163;34,0008;;;;
-0,49999872;162;31,9967;;;;
0,49975458;104;33,0001;;;;
-0,25170834;104;34,0002;;;;
0,09374976;633;34,9972;;;;
0,49975458;681;33,9948;;;;
0,49975458;681;33,0002;;;;
0,49975458;392;32,0008;;;;
-0,08129862;348;34,0016;;;;
0,49975458;321;33,9996;;;;
0,49975458;577;33,9999;;;;
-0,49999872;760;34,0019;;;;
-0,33911046;759;33,9989;;;;
-0,49999872;41;33,9984;;;;
0,49975458;586;35,9982;;;;
0,49975458;585;33,9994;;;;
-0,2307123;645;33,7152;;;;
0,43041882;511;33,687;;;;
0,49975458;475;34,0008;;;;
-0,01513668;730;35,0032;;;;
-0,43969614;178;33,9981;;;;
0,01245114;662;33,9992;;;;
0,49975458;668;35,0003;;;;
-0,17309526;353;33,9987;;;;
0,49975458;70;34,0008;;;;
0,49975458;307;35,0025;;;;
-0,49999872;562;35,0042;;;;
-0,49999872;562;35,9996;;;;
0,49975458;307;32,999;;;;
0,49975458;306;33,0016;;;;
0,15698202;708;34,9999;;;;
0,49975458;747;32,9994;;;;
0,49975458;155;35,0008;;;;
0,49975458;155;34,0002;;;;
0,0585936;155;33,9985;;;;
0,11694306;395;35,0031;;;;
-0,33178626;370;36,9983;;;;
0,46948122;232;34,0002;;;;
0,40746966;473;34,001;;;;
0,49975458;426;34,0004;;;;
0,49975458;426;34,0004;;;;
-0,49999872;681;33,9972;;;;
0,13623012;680;34,6305;;;;
-0,1037595;130;33,6074;;;;
0,11328096;332;34,001;;;;
0,49975458;391;34,9997;;;;
-0,49999872;646;34,9995;;;;
-0,1123044;645;35,0007;;;;
-0,49047726;57;35,9997;;;;
0,19189404;525;34,2295;;;;
-0,4113759;334;34,9997;;;;
-0,49999872;218;34,9991;;;;
0,49975458;763;34;;;;
0,49975458;762;34,9992;;;;
0,49975458;762;34,0026;;;;
0,49975458;26;34,0002;;;;
-0,1745601;25;34,9993;;;;
0,49975458;180;37;;;;
0,49975458;181;34,9981;;;;
-0,36840726;435;34,9992;;;;
-0,13012662;503;35,9984;;;;
0,0622557;300;35,002;;;;
0,49975458;587;36,9978;;;;
-0,49999872;5;34,0006;;;;
-0,24243102;4;34,9968;;;;
0,49975458;681;34,9977;;;;
0,49975458;681;35,0013;;;;
0,49975458;680;34,9991;;;;
0,0573729;680;34,6666;;;;
0,3149406;601;34,5433;;;;
0,49975458;548;33,9998;;;;
0,49975458;2;34,9986;;;;
-0,49999872;514;34,9972;;;;
0,1538082;147;35,0007;;;;
0,2343744;480;36,0005;;;;
-0,47509644;669;34,9988;;;;
0,1159665;425;37,0003;;;;
0,49975458;486;34,9997;;;;
-0,49999872;741;36,0006;;;;
0,49975458;485;35,0003;;;;
0,49975458;485;35,0007;;;;
0,49975458;485;34,0006;;;;
0,21411078;371;37,0011;;;;
0,49975458;239;34,9998;;;;
-0,49999872;494;35,9993;;;;
-0,49999872;494;33,9972;;;;
0,27856374;473;34,9997;;;;
-0,44946174;690;36,0023;;;;
0,3979482;334;35,9995;;;;
-0,49999872;794;35,0011;;;;
-0,49999872;749;37,0001;;;;
0,49975458;494;36,0018;;;;
0,49975458;493;38,0005;;;;
0,05468736;748;37,0191;;;;
-0,49999872;232;35,5807;;;;
-0,49999872;54;35,0006;;;;
-0,49999872;54;34,9984;;;;
0,49975458;598;36,0007;;;;
0,49975458;685;37,0097;;;;
-0,08007792;746;36,0002;;;;
0,1806636;705;37,0001;;;;
-0,42382704;509;36,0001;;;;
-0,49999872;246;34,9994;;;;
0,49975458;790;35,0003;;;;
0,49975458;789;34,9985;;;;
-0,49999872;244;35,0005;;;;
-0,49999872;244;35,9967;;;;
-0,10351536;577;36,0007;;;;
-0,49999872;779;36,0023;;;;
0,49975458;523;35,9994;;;;
0,49975458;523;36;;;;
-0,2246088;694;35,0007;;;;
0,13012662;580;35,9997;;;;
0,23339784;358;37,9999;;;;
-0,49999872;316;36,0002;;;;
0,49975458;257;37,0002;;;;
0,49975458;256;37;;;;
-0,49999872;511;37;;;;
0,49975458;256;36,6338;;;;
0,4052724;256;34,9989;;;;
0,40502826;715;36,0009;;;;
0,49975458;675;36,0006;;;;
-0,49999872;130;36,999;;;;
-0,49999872;130;37,9999;;;;
0,49975458;731;35,9996;;;;
-0,02856438;341;35,9992;;;;
0,10888644;616;36,9992;;;;
0,49975458;41;35,9992;;;;
-0,49999872;275;36,998;;;;
-0,49999872;275;36,9996;;;;
0,49975458;20;35,9995;;;;
0,49975458;20;34,9997;;;;
-0,28784106;617;37,0009;;;;
0,44262582;426;37,0007;;;;
-0,49999872;186;36,0023;;;;
-0,49999872;186;37,0014;;;;
-0,40478412;164;35,9997;;;;
-0,03564444;212;36,9979;;;;
-0,0463866;681;36,9994;;;;
-0,42455946;368;36,9993;;;;
-0,49999872;256;37,0009;;;;
0,49975458;1;36,9976;;;;
0,49975458;1;37,998;;;;
-0,49999872;256;36,8478;;;;
-0,05273424;1;39,0016;;;;
0,49975458;531;36,9997;;;;
-0,49999872;242;35,9989;;;;
-0,49999872;113;38,0001;;;;
0,49975458;76;38,0002;;;;
-0,07177716;113;35,9994;;;;
0,49975458;78;37,0004;;;;
-0,18017532;590;36,998;;;;
0,00756834;497;37,9988;;;;
-0,49999872;757;37,9988;;;;
0,49975458;502;36,0009;;;;
0,49975458;502;37,9989;;;;
-0,49999872;619;36,0007;;;;
-0,02343744;787;36,999;;;;
-0,01293942;776;36,9973;;;;
-0,49999872;769;36,9995;;;;
-0,49999872;768;36,9987;;;;
0,13159146;513;38,0002;;;;
0,17529252;796;38,0006;;;;
-0,32421792;631;37,9988;;;;
0,49975458;777;37,0005;;;;
-0,49999872;233;37,9989;;;;
-0,49999872;233;36,5702;;;;
0,49975458;778;39,597;;;;
0,14916954;233;37,9995;;;;
0,49975458;309;38,0011;;;;
0,49975458;211;44,9986;;;;
-0,49999872;687;38,0003;;;;
-0,49999872;687;38,9993;;;;
0,49975458;664;38,0016;;;;
-0,21093696;682;38,0008;;;;
0,43432506;627;39,0026;;;;
0,15429648;151;37,0004;;;;
-0,49999872;229;39,999;;;;
-0,49999872;229;37,0014;;;;
0,49975458;774;39,0005;;;;
0,49975458;794;38,9997;;;;
-0,21899358;794;40,001;;;;
0,49975458;72;38,9989;;;;
-0,49999872;328;38,0014;;;;
0,49975458;78;37,9998;;;;
-0,14843712;206;39,0004;;;;
0,3625479;789;39,0011;;;;
0,49975458;588;38,9988;;;;
0,49975458;724;37,9998;;;;
-0,49999872;178;38,5534;;;;
0,49975458;723;40,627;;;;
0,29614182;723;40,0002;;;;
0,49975458;619;38;;;;
0,49975458;208;38,9998;;;;
-0,49999872;463;38,9986;;;;
-0,49999872;463;40,9878;;;;
0,14672814;208;37,999;;;;
0,2746575;538;38,9987;;;;
-0,44506722;429;38,9992;;;;
0,49975458;537;40,0026;;;;
-0,49999872;786;39,9986;;;;
-0,49999872;786;37,9996;;;;
0,49975458;531;37,9994;;;;
0,29370042;786;38,998;;;;
0,08837868;392;40,9999;;;;
-0,25683528;596;41,9996;;;;
0,49975458;466;37,9997;;;;
0,49975458;466;39,0003;;;;
0,4943835;658;39,9986;;;;
-0,22509708;668;39,9979;;;;
0,49975458;764;39,9979;;;;
-0,49999872;34;41,2632;;;;
0,49975458;579;39,6126;;;;
0,49975458;579;39,9998;;;;
-0,21997014;34;39,9989;;;;
-0,02465814;722;39,9977;;;;
0,49975458;554;38,9994;;;;
0,49975458;554;37,9988;;;;
0,49975458;554;39,9992;;;;
-0,22924746;121;39,999;;;;
-0,04492176;740;39,9991;;;;
0,49975458;172;40,2578;;;;
-0,49999872;229;38,998;;;;
0,49975458;118;40,0008;;;;
-0,49999872;372;38,998;;;;
0,49975458;117;38,9976;;;;
0,3710928;117;39,001;;;;
0,35912994;252;40,0003;;;;
-0,49999872;595;38,9999;;;;
0,19970652;595;41,0003;;;;
-0,49999872;153;40,0003;;;;
0,08569314;353;41,0014;;;;
-0,02880852;48;39,9981;;;;
0,12280242;322;40,001;;;;
0,49975458;622;39,6263;;;;
-0,49999872;77;41,6567;;;;
0,49975458;622;40,9981;;;;
-0,49999872;77;40,9993;;;;
0,49975458;128;39,9993;;;;
-0,05786118;242;40,0002;;;;
-0,4833972;468;39,9991;;;;
0,49975458;221;41,0012;;;;
0,06787092;476;40,0002;;;;
-0,47949096;741;39,9981;;;;
0,036621;499;40,0007;;;;
-0,40356342;229;40,0026;;;;
0,49975458;597;41,0008;;;;
0,49975458;597;40,9998;;;;
0,49975458;597;40,001;;;;
0,49975458;596;39,9996;;;;
-0,36450102;629;40,9998;;;;
-0,1733394;27;41,0033;;;;
0,49975458;663;41,9997;;;;
0,49975458;759;42,0009;;;;
-0,19457958;57;41,9997;;;;
0,29955978;252;41,9987;;;;
-0,427245;341;40,1837;;;;
0,49975458;377;41,5982;;;;
-0,49999872;633;41;;;;
0,49975458;377;42,9993;;;;
0,49975458;377;42,0003;;;;
0,39770406;632;42,0006;;;;
-0,3942861;100;43,0014;;;;
0,49975458;17;43,0007;;;;
-0,49999872;190;40,9998;;;;
0,05102526;150;41,0013;;;;
-0,41039934;415;42,0008;;;;
0,45995976;101;42,0004;;;;
0,34643466;337;40,9995;;;;
-0,49999872;514;40,9988;;;;
-0,49999872;514;40,9985;;;;
0,49975458;258;41,0019;;;;
-0,49999872;704;42,9994;;;;
0,49975458;564;40,9996;;;;
-0,49999872;276;41,9992;;;;
0,49975458;21;40,9987;;;;
-0,0939939;281;44,0004;;;;
0,17187456;310;41,6652;;;;
-0,06738264;109;41,94;;;;
-0,49999872;760;41,9999;;;;
0,49975458;708;43,0014;;;;
-0,49999872;163;43,0002;;;;
0,49975458;708;42,0001;;;;
-0,49999872;767;42,9995;;;;
-0,30566328;163;43,9988;;;;
-0,49999872;263;43,999;;;;
0,49975458;8;41,9991;;;;
-0,49999872;220;42,9991;;;;
0,30053634;258;41,9998;;;;
-0,39404196;184;43,0023;;;;
0,49975458;323;42,9991;;;;
-0,49999872;578;41,9987;;;;
0,49975458;323;41,999;;;;
-0,49999872;578;42,9995;;;;
0,49975458;716;41,9996;;;;
-0,39965718;50;43,001;;;;
0,49975458;645;42,0005;;;;
-0,49999872;100;43,9991;;;;
0,35815338;762;42,9983;;;;
-0,3222648;47;42,2272;;;;
0,49975458;32;43,0005;;;;
-0,49999872;211;43;;;;
0,49975458;756;45,0007;;;;
-0,49999872;211;43,9991;;;;
0,49975458;169;43,9999;;;;
-0,20800728;362;42,999;;;;
0,49975458;209;43,9997;;;;
-0,49999872;464;42,9992;;;;
0,49975458;209;41,9993;;;;
-0,06005844;342;42,9996;;;;
0,49975458;572;44,0018;;;;
-0,49999872;714;44,9986;;;;
0,49975458;498;43,9994;;;;
-0,49999872;753;44,9988;;;;
0,49975458;498;43;;;;
0,02270502;498;43,9988;;;;
0,49120968;508;44,0006;;;;
0,49975458;580;45,001;;;;
-0,49999872;35;43,9988;;;;
0,10229466;526;44,6157;;;;
0,13989222;197;43,5828;;;;
0,49975458;610;45;;;;
-0,49999872;312;42,9988;;;;
0,49975458;56;45,0011;;;;
0,49975458;56;43,9987;;;;
-0,49999872;311;44,0011;;;;
0,49975458;484;44,9986;;;;
0,49975458;697;44,9994;;;;
-0,49999872;152;44,9993;;;;
0,06762678;696;43,9997;;;;
-0,01562496;214;42,9996;;;;
-0,04809558;588;45,9974;;;;
0,40356342;19;45,0024;;;;
-0,49999872;224;43,9994;;;;
-0,49999872;224;45,0007;;;;
0,49975458;769;46,9998;;;;
-0,4699695;442;46,0001;;;;
-0,43725474;445;44;;;;
0,49975458;222;43,999;;;;
-0,38012598;476;45,9993;;;;
-0,49999872;556;44,6669;;;;
0,49975458;273;44,9987;;;;
0,00097656;635;45,9995;;;;
-0,49999872;635;46;;;;
0,49975458;380;44,0004;;;;
0,49975458;379;45,0013;;;;
-0,26782158;336;44,999;;;;
-0,49999872;369;46,0018;;;;
0,49975458;113;45,0002;;;;
0,49975458;339;44,0006;;;;
-0,08837868;451;44,999;;;;
0,49975458;737;45,0017;;;;
-0,14575158;124;45,9986;;;;
-0,49999872;517;45,0006;;;;
0,49975458;261;44,9982;;;;
-0,49999872;516;45,9985;;;;
0,29980392;175;45,9709;;;;
-0,49999872;649;45,0027;;;;
-0,49999872;649;46,0003;;;;
0,37036038;394;46,5313;;;;
0,49975458;406;44,9326;;;;
-0,37524318;752;46,0024;;;;
0,49975458;6;46,9999;;;;
-0,49999872;262;45,9999;;;;
0,49975458;6;44,9986;;;;
-0,49999872;261;46,0031;;;;
0,49975458;449;46,0014;;;;
0,49975458;610;47,0009;;;;
-0,26830986;360;45,9985;;;;
0,26269464;223;45,0009;;;;
-0,07592754;617;45,9988;;;;
0,17773392;192;48,0001;;;;
-0,49999872;772;46,9998;;;;
0,49975458;448;45,9993;;;;
-0,49999872;703;45,9982;;;;
-0,02050776;703;45,9999;;;;
-0,21313422;798;46,0009;;;;
0,49975458;281;46,0023;;;;
-0,49999872;536;45,9998;;;;
0,49975458;431;48,5494;;;;
-0,15527304;491;46,5671;;;;
0,49975458;28;46,0007;;;;
-0,49999872;147;47,0006;;;;
0,49975458;704;47,0009;;;;
0,49975458;704;47,0017;;;;
-0,49999872;221;47,0003;;;;
0,49975458;642;48,0004;;;;
0,49975458;395;47,9997;;;;
0,49975458;395;47,9994;;;;
0,40478412;588;47,0014;;;;
0,49975458;6;47,0016;;;;
-0,08129862;473;47,9983;;;;
0,49975458;690;47,0006;;;;
-0,49999872;145;46,9988;;;;
0,49975458;690;48,0004;;;;
0,32495034;557;48,999;;;;
0,2722161;363;47,0024;;;;
0,01318356;502;47,9989;;;;
0,08837868;509;48,5402;;;;
0,49975458;488;47,6698;;;;
-0,39111228;61;48,9997;;;;
-0,02612298;110;46,9997;;;;
-0,49999872;352;49,0017;;;;
0,49975458;97;48,0003;;;;
-0,49999872;352;48,0016;;;;
-0,49047726;757;47,9994;;;;
0,25463802;506;48,9987;;;;
-0,49999872;92;46,9979;;;;
0,32617104;14;45,9993;;;;
-0,45580938;328;46,0011;;;;
0,39501852;235;48;;;;
0,49975458;438;47,9998;;;;
0,49975458;438;47,0011;;;;
-0,22143498;693;46,001;;;;
0,49975458;117;49,0008;;;;
0,49975458;50;46,9996;;;;
-0,49999872;304;47,0004;;;;
0,49975458;49;46,8766;;;;
0,07006818;489;47,6876;;;;
-0,03393546;525;45,9979;;;;
-0,4968249;148;46,0017;;;;
-0,49999872;1;47,0018;;;;
0,49975458;546;47,0508;;;;
-0,22509708;1;46,999;;;;
-0,2966301;686;45,9994;;;;
0,49975458;784;45,9998;;;;
-0,49999872;240;46,9998;;;;
0,49975458;73;45,9997;;;;
0,45849492;122;45,9995;;;;
0,27368094;654;44,9993;;;;
-0,49999872;679;47;;;;
0,49975458;467;45,9945;;;;
0,49975458;467;45,0008;;;;
-0,49999872;722;44,9996;;;;
0,49975458;271;47,001;;;;
0,49975458;526;44,999;;;;
0,49975458;526;45,0016;;;;
0,06176742;595;45,2018;;;;
0,49975458;615;45,9994;;;;
-0,23144472;383;45,0003;;;;
-0,329589;265;45,9996;;;;
0,49975458;97;44,9995;;;;
-0,49999872;352;47,0068;;;;
-0,49999872;160;46,0036;;;;
-0,4956042;156;47,9988;;;;
0,49975458;703;44,9985;;;;
-0,49999872;158;46,0003;;;;
-0,34204014;782;45,0018;;;;
0,44213754;121;46,9993;;;;
0,49975458;738;44;;;;
-0,49999872;437;45,9992;;;;
0,49975458;182;45;;;;
-0,49999872;437;44,999;;;;
0,44409066;119;45,9985;;;;
0,49975458;562;45,9996;;;;
-0,1745601;18;44,999;;;;
0,49975458;729;45,5382;;;;
0,49975458;4;45,617;;;;
-0,49999872;461;45,0008;;;;
0,32250894;236;44,9992;;;;
0,49975458;402;43,9997;;;;
-0,49999872;657;45,9982;;;;
0,49975458;401;45,0014;;;;
0,38867088;656;46,0003;;;;
-0,43017468;348;44,9991;;;;
-0,49999872;735;44,9974;;;;
-0,49999872;735;45,0001;;;;
0,31518474;781;44,9997;;;;
-0,45556524;669;45,9996;;;;
0,49975458;688;43,9989;;;;
-0,49999872;144;43,001;;;;
0,49975458;688;43,9994;;;;
-0,49999872;143;44,0016;;;;
0,49975458;260;43,9996;;;;
0,49975458;408;45,0006;;;;
-0,49999872;374;45,0032;;;;
-0,49999872;374;45,0008;;;;
0,35375886;399;43,6573;;;;
-0,33666906;288;42,9978;;;;
0,49975458;388;44,9987;;;;
0,49975458;322;44,0009;;;;
-0,49999872;577;42,9991;;;;
0,49975458;357;42,9998;;;;
-0,23388612;64;44,0005;;;;
0,16992144;71;43,9989;;;;
-0,49999872;414;43,0007;;;;
0,49975458;159;42,9995;;;;
0,15795858;545;42,9997;;;;
0,23364198;348;43,9991;;;;
-0,1110837;134;43,0018;;;;
0,49975458;720;43,0008;;;;
-0,49999872;175;44,0014;;;;
0,49975458;720;43,9978;;;;
-0,49999872;331;42,0002;;;;
0,13085904;112;42,9983;;;;
-0,49999872;435;42,999;;;;
0,49975458;139;43,0002;;;;
0,11328096;717;42,5866;;;;
0,25073178;555;42,8916;;;;
0,16674762;395;43,0004;;;;
-0,49999872;463;43,9986;;;;
0,49975458;207;43,0003;;;;
-0,49999872;462;43,0003;;;;
0,49975458;251;48,0019;;;;
0,23266542;74;45,0025;;;;
-0,49999872;448;42,9991;;;;
0,49975458;171;42,9992;;;;
0,06176742;725;42,9993;;;;
-0,12158172;624;42,9982;;;;
0,49975458;56;43,9988;;;;
-0,49999872;234;42,0002;;;;
0,49975458;5;41,9991;;;;
-0,49999872;259;41,9983;;;;
0,49975458;4;42,9993;;;;
-0,40258686;789;42,9993;;;;
0,47314332;709;42,0006;;;;
-0,49999872;151;41,9993;;;;
0,49975458;25;45,0017;;;;
-0,17138628;193;45,3057;;;;
0,49975458;484;42,9988;;;;
-0,49999872;637;41,999;;;;
0,49975458;540;41,9988;;;;
-0,49999872;794;41,0005;;;;
-0,49999872;794;41,0003;;;;
0,0817869;539;42,0014;;;;
0,36083892;580;41,9777;;;;
-0,49999872;62;41,9973;;;;
0,49975458;735;41,9984;;;;
-0,20556588;132;40,0003;;;;
-0,01293942;376;41,9966;;;;
